id,latitude,longitude,matrix_id,type,fill_level,waste_kg,priority,elevation_m,nearest_node
0,38.737235,-9.387461,0,start_point,0,0,0,109.0,1843153815
1,38.74494,-9.327972,1,collection_point,0,0,0,144.0,3256825400
6,38.722099304,-9.408709526,2,container,0,0,1,74.0,892322800
319,38.708366394,-9.425400734,3,container,0,0,1,35.0,892584260
976,38.71346283,-9.413927078,4,container,0,0,1,59.0,892323307
1127,38.713600159,-9.424309731,5,container,0,0,1,65.0,892583946
1128,38.713500977,-9.387160301,6,container,0,0,1,62.0,10277032300
2536,38.726699829,-9.468640327,7,container,0,0,1,44.0,2433434009
2539,38.734298706,-9.396699905,8,container,0,0,1,132.0,2403302308
2540,38.728500366,-9.319379807,9,container,0,0,1,89.0,623700596
2964,38.738399506,-9.373470306,10,container,0,0,1,97.0,974166201
2965,38.73789978,-9.370400429,11,container,0,0,1,100.0,974166841
2966,38.735599518,-9.368390083,12,container,0,0,1,94.0,914793855
2967,38.735401154,-9.366359711,13,container,0,0,1,80.0,914806856
2968,38.736400604,-9.364159584,14,container,0,0,1,104.0,984543858
2969,38.738498688,-9.371109962,15,container,0,0,1,103.0,928011175
2970,38.735401154,-9.386710167,16,container,0,0,1,111.0,1837077392
2971,38.743000031,-9.381420135,17,container,0,0,1,134.0,974166455
2972,38.746101379,-9.38022995,18,container,0,0,1,135.0,965434548
2973,38.745098114,-9.380590439,19,container,0,0,1,132.0,13512240881
2974,38.743598938,-9.39054966,20,container,0,0,1,128.0,2141380805
2975,38.744098663,-9.388469696,21,container,0,0,1,127.0,2050708527
2976,38.746799469,-9.388400078,22,container,0,0,1,134.0,2050726246
2977,38.746200562,-9.38973999,23,container,0,0,1,132.0,2050726300
2978,38.745800018,-9.390990257,24,container,0,0,1,128.0,2050708492
2979,38.7541008,-9.397210121,25,container,0,0,1,125.0,1636636171
2980,38.737400055,-9.394980431,26,container,0,0,1,126.0,888784041
2982,38.733100891,-9.403260231,27,container,0,0,1,135.0,672069453
2983,38.732601166,-9.4061203,28,container,0,0,1,120.0,672025290
2984,38.732601166,-9.406979561,29,container,0,0,1,120.0,671819900
2985,38.733699799,-9.40775013,30,container,0,0,1,121.0,671786918
2986,38.735099792,-9.406029701,31,container,0,0,1,124.0,671827398
2988,38.736099243,-9.406599998,32,container,0,0,1,126.0,672025131
2989,38.741199493,-9.405469894,33,container,0,0,1,94.0,1970886427
2990,38.735401154,-9.410539627,34,container,0,0,1,121.0,672196775
2991,38.731300354,-9.424960136,35,container,0,0,1,106.0,1425229317
2992,38.732200623,-9.41215992,36,container,0,0,1,118.0,672196455
2993,38.733600616,-9.411769867,37,container,0,0,1,118.0,672196492
2994,38.728298187,-9.409279823,38,container,0,0,1,112.0,1158299871
2995,38.732299805,-9.408450127,39,container,0,0,1,118.0,672025409
2996,38.731601715,-9.408359528,40,container,0,0,1,120.0,672025399
2997,38.733100891,-9.409700394,41,container,0,0,1,120.0,671835049
2999,38.733001709,-9.394300461,42,container,0,0,1,127.0,914043856
3000,38.733798981,-9.392089844,43,container,0,0,1,122.0,1162552427
3001,38.735500336,-9.391260147,44,container,0,0,1,123.0,1164292590
3002,38.730201721,-9.388170242,45,container,0,0,1,117.0,4291616638
3003,38.729301453,-9.384209633,46,container,0,0,1,108.0,1837077339
3004,38.725898743,-9.38615036,47,container,0,0,1,101.0,923111479
3005,38.71900177,-9.390119553,48,container,0,0,1,72.0,2286756414
3006,38.714500427,-9.375359535,49,container,0,0,1,66.0,1057859754
3007,38.723899841,-9.382800102,50,container,0,0,1,94.0,2286805292
3008,38.722301483,-9.384220123,51,container,0,0,1,81.0,5355274744
3011,38.718299866,-9.378479958,52,container,0,0,1,66.0,1060575049
3012,38.720298767,-9.377590179,53,container,0,0,1,73.0,1060574829
3013,38.723400116,-9.379199982,54,container,0,0,1,90.0,5268836929
3014,38.723701477,-9.37582016,55,container,0,0,1,91.0,1574808364
3015,38.724300385,-9.374480247,56,container,0,0,1,95.0,2658704170
3016,38.725299835,-9.379480362,57,container,0,0,1,102.0,2658704273
3017,38.727600098,-9.38064003,58,container,0,0,1,97.0,2942804016
3018,38.727798462,-9.383210182,59,container,0,0,1,101.0,5337048883
3019,38.731700897,-9.37790966,60,container,0,0,1,105.0,923142045
3020,38.732200623,-9.376009941,61,container,0,0,1,107.0,923121212
3022,38.732498169,-9.374130249,62,container,0,0,1,99.0,914802789
3023,38.720199585,-9.387430191,63,container,0,0,1,88.0,11134836200
3024,38.723400116,-9.411149979,64,container,0,0,1,92.0,680024677
3025,38.722000122,-9.411160469,65,container,0,0,1,82.0,459656759
3026,38.717601776,-9.410269737,66,container,0,0,1,71.0,9159827893
3027,38.712898254,-9.40874958,67,container,0,0,1,65.0,1155653843
3028,38.722793579,-9.410086632,68,container,0,0,1,88.0,892321234
3029,38.717899323,-9.408940315,69,container,0,0,1,81.0,11208052782
3031,38.719501495,-9.408430099,70,container,0,0,1,78.0,892322786
3032,38.719200134,-9.407710075,71,container,0,0,1,65.0,892322936
3033,38.718799591,-9.413990021,72,container,0,0,1,63.0,892324197
3034,38.715698242,-9.414509773,73,container,0,0,1,63.0,680267816
3035,38.71490097,-9.41160965,74,container,0,0,1,57.0,892323692
3036,38.715499878,-9.412859917,75,container,0,0,1,56.0,680267982
3037,38.712600708,-9.416119576,76,container,0,0,1,78.0,892323832
3038,38.712501526,-9.414349556,77,container,0,0,1,69.0,9159697963
3039,38.71149826,-9.415579796,78,container,0,0,1,69.0,2574545714
3040,38.709899902,-9.414409637,79,container,0,0,1,65.0,1835249641
3041,38.711700439,-9.412280083,80,container,0,0,1,63.0,9159827876
3042,38.71149826,-9.414079666,81,container,0,0,1,63.0,4518732523
3043,38.713001251,-9.413499832,82,container,0,0,1,61.0,1835249512
3044,38.715801239,-9.416080475,83,container,0,0,1,70.0,892548333
3045,38.719600677,-9.417980194,84,container,0,0,1,91.0,892583365
3046,38.717098236,-9.42220974,85,container,0,0,1,74.0,2360217538
3047,38.716400146,-9.42261982,86,container,0,0,1,72.0,2435303271
3048,38.714298248,-9.42220974,87,container,0,0,1,67.0,892583568
3049,38.715099335,-9.420160294,88,container,0,0,1,71.0,892547844
3050,38.712001801,-9.421339989,89,container,0,0,1,71.0,892547990
3051,38.711601257,-9.42070961,90,container,0,0,1,62.0,892547712
3052,38.712501526,-9.418999672,91,container,0,0,1,71.0,892547985
3053,38.713100433,-9.420330048,92,container,0,0,1,66.0,892548016
3054,38.711101532,-9.421919823,93,container,0,0,1,57.0,10288668384
3055,38.713298798,-9.4249897,94,container,0,0,1,66.0,892583962
3056,38.715198517,-9.424280167,95,container,0,0,1,64.0,894685345
3057,38.723899841,-9.422960281,96,container,0,0,1,102.0,902815622
3058,38.724498749,-9.424940109,97,container,0,0,1,92.0,4341423429
3059,38.730998993,-9.439339638,98,container,0,0,1,94.0,1480163095
3060,38.734199524,-9.438949585,99,container,0,0,1,109.0,1480163459
3061,38.735401154,-9.442410469,100,container,0,0,1,99.0,1480163539
3062,38.735801697,-9.439669609,101,container,0,0,1,108.0,1480163563
3063,38.743900299,-9.435529709,102,container,0,0,1,114.0,26710311
3064,38.751998901,-9.43887043,103,container,0,0,1,158.0,1664492294
3065,38.75120163,-9.441470146,104,container,0,0,1,147.0,1664009016
3066,38.751701355,-9.447239876,105,container,0,0,1,151.0,4317358914
3067,38.753700256,-9.446550369,106,container,0,0,1,181.0,1588647595
3068,38.752601624,-9.452429771,107,container,0,0,1,158.0,6876129805
3070,38.752399445,-9.448559761,108,container,0,0,1,132.0,2435126415
3071,38.715400696,-9.427280426,109,container,0,0,1,46.0,412816952
3072,38.71680069,-9.427080154,110,container,0,0,1,74.0,894685285
3073,38.733898163,-9.376879692,111,container,0,0,1,110.0,923124713
3075,38.736598969,-9.405220032,112,container,0,0,1,125.0,2360443864
3076,38.730800629,-9.384869576,113,container,0,0,1,114.0,1837077610
3079,38.732498169,-9.369059563,114,container,0,0,1,87.0,2353410013
3080,38.717899323,-9.421589851,115,container,0,0,1,81.0,892583491
3081,38.731498718,-9.382929802,116,container,0,0,1,113.0,2353279232
3083,38.732601166,-9.443229675,117,container,0,0,1,92.0,1480163297
3084,38.729499817,-9.375980377,118,container,0,0,1,100.0,2353279538
3086,38.73210144,-9.413809776,119,container,0,0,1,117.0,672196450
3087,38.734798431,-9.390190125,120,container,0,0,1,119.0,1162552466
3088,38.761299133,-9.469659805,121,container,0,0,1,214.0,1609200245
3089,38.721500397,-9.379910469,122,container,0,0,1,78.0,2286795016
3090,38.750099182,-9.437430382,123,container,0,0,1,164.0,1664492155
3091,38.739299774,-9.375229836,124,container,0,0,1,102.0,5216700659
3092,38.717399597,-9.416350365,125,container,0,0,1,78.0,2050632170
3093,38.72769928,-9.373940468,126,container,0,0,1,94.0,2942804093
3094,38.737701416,-9.368200302,127,container,0,0,1,98.0,2813324715
3095,38.723899841,-9.416669846,128,container,0,0,1,84.0,2427330162
3096,38.722400665,-9.373279572,129,container,0,0,1,102.0,9648860749
3097,38.728599548,-9.373889923,130,container,0,0,1,91.0,2353410283
3098,38.710601807,-9.413740158,131,container,0,0,1,58.0,1835249447
3099,38.730800629,-9.39428997,132,container,0,0,1,115.0,914043631
3100,38.73279953,-9.437600136,133,container,0,0,1,97.0,1480163313
3101,38.714199066,-9.408809662,134,container,0,0,1,62.0,889591584
3102,38.731899261,-9.372349739,135,container,0,0,1,89.0,2353279662
3103,38.734600067,-9.409230232,136,container,0,0,1,122.0,672196822
3104,38.715000153,-9.416190147,137,container,0,0,1,70.0,680267760
3105,38.71390152,-9.415860176,138,container,0,0,1,78.0,892548193
3106,38.715499878,-9.416740417,139,container,0,0,1,77.0,892548337
3108,38.729400635,-9.407380104,140,container,0,0,1,117.0,672070085
3109,38.729301453,-9.408690453,141,container,0,0,1,125.0,672070067
3110,38.72990036,-9.409359932,142,container,0,0,1,122.0,672070066
3111,38.73059845,-9.409239769,143,container,0,0,1,122.0,672069623
3112,38.744800568,-9.39013958,144,container,0,0,1,130.0,2050726332
3113,38.74079895,-9.372179985,145,container,0,0,1,105.0,2864027178
3114,38.732398987,-9.388270378,146,container,0,0,1,110.0,1453552407
3115,38.735801697,-9.403880119,147,container,0,0,1,129.0,671827405
3116,38.736301422,-9.402600288,148,container,0,0,1,132.0,671827406
3117,38.742698669,-9.401599884,149,container,0,0,1,124.0,2050690136
3121,38.731601715,-9.442959785,150,container,0,0,1,88.0,26709333
3122,38.73210144,-9.420410156,151,container,0,0,1,120.0,1425229383
3123,38.719501495,-9.409680367,152,container,0,0,1,85.0,892322766
3124,38.710201263,-9.422100067,153,container,0,0,1,53.0,892584137
3125,38.722900391,-9.413109779,154,container,0,0,1,91.0,5338131695
3127,38.753101349,-9.449799538,155,container,0,0,1,144.0,269669432
3131,38.707099915,-9.329039574,156,container,0,0,1,74.0,1450527622
3132,38.705200195,-9.326390266,157,container,0,0,1,72.0,327601484
3133,38.702400208,-9.325400352,158,container,0,0,1,68.0,12377129848
3134,38.700901031,-9.324480057,159,container,0,0,1,66.0,327599557
3135,38.70059967,-9.32022953,160,container,0,0,1,56.0,327599888
3136,38.700000763,-9.319749832,161,container,0,0,1,54.0,327599865
3137,38.699100494,-9.321579933,162,container,0,0,1,49.0,327599865
3138,38.698898315,-9.322520256,163,container,0,0,1,52.0,327599868
3139,38.700000763,-9.322850227,164,container,0,0,1,58.0,327599909
3141,38.701499939,-9.327340126,165,container,0,0,1,60.0,1450527695
3142,38.699401855,-9.330929756,166,container,0,0,1,46.0,1450511292
3143,38.699001312,-9.329030037,167,container,0,0,1,47.0,427064848
3144,38.699798584,-9.327150345,168,container,0,0,1,57.0,3773473473
3145,38.698799133,-9.327039719,169,container,0,0,1,53.0,327599675
3147,38.698898315,-9.335900307,170,container,0,0,1,51.0,919169824
3148,38.698699951,-9.334159851,171,container,0,0,1,40.0,6394183959
3149,38.696899414,-9.331080437,172,container,0,0,1,31.0,2474080557
3151,38.695598602,-9.341290474,173,container,0,0,1,40.0,1957173347
3152,38.692298889,-9.336649895,174,container,0,0,1,35.0,11726970594
3154,38.687900543,-9.338069916,175,container,0,0,1,27.0,306008098
3155,38.688499451,-9.337280273,176,container,0,0,1,30.0,5582102170
3156,38.688098907,-9.335780144,177,container,0,0,1,26.0,10079263663
3158,38.689601898,-9.330019951,178,container,0,0,1,21.0,1896054308
3159,38.688899994,-9.328989983,179,container,0,0,1,28.0,1589805047
3160,38.689300537,-9.333490372,180,container,0,0,1,28.0,327598984
3161,38.690200806,-9.333230019,181,container,0,0,1,28.0,4128408351
3162,38.691001892,-9.332360268,182,container,0,0,1,21.0,3961704807
3163,38.689201355,-9.33191967,183,container,0,0,1,21.0,2797786409
3164,38.685398102,-9.328900337,184,container,0,0,1,22.0,1896040867
3165,38.684501648,-9.327159882,185,container,0,0,1,29.0,329700960
3166,38.684299469,-9.328249931,186,container,0,0,1,25.0,2021767710
3167,38.683998108,-9.329609871,187,container,0,0,1,23.0,4033820242
3168,38.681999207,-9.329190254,188,container,0,0,1,22.0,4033322074
3170,38.687599182,-9.338479996,189,container,0,0,1,26.0,305862228
3171,38.685798645,-9.340600014,190,container,0,0,1,16.0,1583790338
3172,38.682800293,-9.340729713,191,container,0,0,1,13.0,329700353
3173,38.684898376,-9.342430115,192,container,0,0,1,13.0,329700418
3174,38.686401367,-9.34414959,193,container,0,0,1,22.0,306008134
3175,38.684700012,-9.345290184,194,container,0,0,1,18.0,306008141
3176,38.682598114,-9.342980385,195,container,0,0,1,9.0,1955857087
3177,38.691200256,-9.336629868,196,container,0,0,1,32.0,327598669
3178,38.695899963,-9.340259552,197,container,0,0,1,45.0,5578284334
3179,38.695899963,-9.339440346,198,container,0,0,1,41.0,1957173337
3180,38.6977005,-9.339670181,199,container,0,0,1,50.0,12386933134
3181,38.699199677,-9.339320183,200,container,0,0,1,62.0,413156428
3182,38.699798584,-9.338359833,201,container,0,0,1,61.0,1956740764
3183,38.700698853,-9.336400032,202,container,0,0,1,60.0,1956760958
3184,38.701198578,-9.335240364,203,container,0,0,1,62.0,1956760545
3185,38.703399658,-9.335619926,204,container,0,0,1,62.0,6394183952
3186,38.704498291,-9.336259842,205,container,0,0,1,68.0,6394183948
3187,38.703601837,-9.335180283,206,container,0,0,1,62.0,6394183949
3188,38.703899384,-9.336790085,207,container,0,0,1,80.0,1956761613
3189,38.703998566,-9.337329865,208,container,0,0,1,80.0,1956762458
3190,38.705299377,-9.334799767,209,container,0,0,1,71.0,1956755720
3196,38.685901642,-9.349040031,210,container,0,0,1,23.0,305835111
3197,38.68529892,-9.347310066,211,container,0,0,1,20.0,305835190
3198,38.683799744,-9.345609665,212,container,0,0,1,17.0,305835186
3199,38.688598633,-9.350669861,213,container,0,0,1,28.0,9841917703
3200,38.68870163,-9.347559929,214,container,0,0,1,27.0,327599301
3201,38.688301086,-9.345820427,215,container,0,0,1,23.0,5879080033
3202,38.68970108,-9.345870018,216,container,0,0,1,31.0,1155685120
3203,38.689800262,-9.347960472,217,container,0,0,1,28.0,327599116
3204,38.688598633,-9.347900391,218,container,0,0,1,27.0,327599217
3205,38.69260025,-9.343359947,219,container,0,0,1,37.0,1897925939
3206,38.694000244,-9.34360981,220,container,0,0,1,42.0,1956627392
3207,38.694400787,-9.342989922,221,container,0,0,1,39.0,1956627431
3208,38.693199158,-9.345490456,222,container,0,0,1,44.0,1956627351
3210,38.680400848,-9.329409599,223,container,0,0,1,19.0,329700765
3214,38.691299438,-9.329990387,224,container,0,0,1,26.0,1544715275
3215,38.689399719,-9.337249756,225,container,0,0,1,30.0,1955857070
3217,38.687400818,-9.326530457,226,container,0,0,1,29.0,1896037944
3218,38.703899384,-9.329239845,227,container,0,0,1,58.0,1450527615
3220,38.701099396,-9.329959869,228,container,0,0,1,68.0,427064924
3221,38.682701111,-9.326999664,229,container,0,0,1,23.0,4281998091
3224,38.700500488,-9.339440346,230,container,0,0,1,65.0,3773479772
3225,38.681098938,-9.330400467,231,container,0,0,1,22.0,329700720
3228,38.691501617,-9.340490341,232,container,0,0,1,31.0,3368124207
3229,38.692401886,-9.340140343,233,container,0,0,1,33.0,6411647157
3230,38.691200256,-9.339420319,234,container,0,0,1,34.0,3368124206
3231,38.690898895,-9.340470314,235,container,0,0,1,31.0,1956828894
3232,38.692901611,-9.337340355,236,container,0,0,1,37.0,1956828828
3233,38.693099976,-9.338479996,237,container,0,0,1,36.0,1956828636
3234,38.69260025,-9.339460373,238,container,0,0,1,35.0,1956828645
3235,38.694801331,-9.341480255,239,container,0,0,1,36.0,329701342
3237,38.694900513,-9.334369659,240,container,0,0,1,40.0,329701249
3238,38.693199158,-9.333979607,241,container,0,0,1,31.0,2064823912
3239,38.690799713,-9.334890366,242,container,0,0,1,31.0,1789858369
3240,38.694900513,-9.335430145,243,container,0,0,1,42.0,329701244
3241,38.695800781,-9.335269928,244,container,0,0,1,39.0,329701242
3242,38.694301605,-9.334489822,245,container,0,0,1,40.0,329701280
3249,38.686798096,-9.339650154,246,container,0,0,1,22.0,1583790320
3254,38.691898346,-9.341239929,247,container,0,0,1,31.0,9688971033
3261,38.68119812,-9.328160286,248,container,0,0,1,22.0,2368376066
3262,38.681900024,-9.327949524,249,container,0,0,1,25.0,4281998090
3263,38.682899475,-9.328579903,250,container,0,0,1,22.0,4033321915
3264,38.68119812,-9.325530052,251,container,0,0,1,22.0,4033727327
3265,38.681999207,-9.326069832,252,container,0,0,1,21.0,4033727264
3266,38.682899475,-9.330050468,253,container,0,0,1,22.0,4033818664
3340,38.687999725,-9.34265995,254,container,0,0,1,27.0,11745909998
3346,38.687999725,-9.336990356,255,container,0,0,1,28.0,5582102170
3498,38.702598572,-9.329899788,256,container,0,0,1,60.0,327600713
3543,38.688999176,-9.341719627,257,container,0,0,1,24.0,1959375721
3547,38.687400818,-9.335519791,258,container,0,0,1,23.0,10079263663
3549,38.700199127,-9.334199905,259,container,0,0,1,48.0,1956760572
3551,38.679698944,-9.328940392,260,container,0,0,1,17.0,12098853019
3553,38.683300018,-9.328359604,261,container,0,0,1,22.0,4033820185
3554,38.683300018,-9.329460144,262,container,0,0,1,22.0,4033820186
3555,38.684200287,-9.325579643,263,container,0,0,1,27.0,1590024853
3556,38.68460083,-9.328849792,264,container,0,0,1,26.0,329701020
3557,38.684501648,-9.330180168,265,container,0,0,1,25.0,11013409596
3560,38.680400848,-9.330490112,266,container,0,0,1,15.0,329700723
3561,38.68629837,-9.347279549,267,container,0,0,1,21.0,9841918252
3565,38.706199646,-9.41849041,268,container,0,0,1,49.0,699743710
3567,38.70349884,-9.418379784,269,container,0,0,1,29.0,891920746
3568,38.701099396,-9.41411972,270,container,0,0,1,15.0,3656698565
3569,38.697799683,-9.419560432,271,container,0,0,1,7.0,258723354
3571,38.697200775,-9.420479774,272,container,0,0,1,12.0,13913102608
3573,38.699401855,-9.422860146,273,container,0,0,1,23.0,699725464
3574,38.698001862,-9.424920082,274,container,0,0,1,31.0,1155655270
3575,38.696601868,-9.424530029,275,container,0,0,1,23.0,330353861
3576,38.691101074,-9.429269791,276,container,0,0,1,20.0,330346144
3577,38.691101074,-9.42343998,277,container,0,0,1,16.0,664018335
3578,38.691898346,-9.424110413,278,container,0,0,1,16.0,1155655030
3579,38.694900513,-9.427889824,279,container,0,0,1,26.0,2050526890
3580,38.695301056,-9.428779602,280,container,0,0,1,28.0,2050526898
3581,38.701301575,-9.429109573,281,container,0,0,1,39.0,664018307
3582,38.696300507,-9.430199623,282,container,0,0,1,33.0,1930914525
3583,38.696998596,-9.430830002,283,container,0,0,1,32.0,1591374828
3584,38.700500488,-9.433199883,284,container,0,0,1,37.0,1591375013
3585,38.70470047,-9.432640076,285,container,0,0,1,51.0,1439115836
3587,38.707099915,-9.430560112,286,container,0,0,1,55.0,1106304639
3588,38.705898285,-9.429100037,287,container,0,0,1,55.0,1106304439
3589,38.704299927,-9.428560257,288,container,0,0,1,55.0,971092898
3590,38.701900482,-9.424369812,289,container,0,0,1,30.0,177209007
3591,38.702400208,-9.42743969,290,container,0,0,1,42.0,11252802319
3592,38.702999115,-9.430890083,291,container,0,0,1,49.0,1315111994
3594,38.703601837,-9.434789658,292,container,0,0,1,47.0,1934984141
3595,38.698299408,-9.435299873,293,container,0,0,1,45.0,9158978400
3596,38.697498322,-9.437439919,294,container,0,0,1,43.0,1591374845
3597,38.696498871,-9.441390038,295,container,0,0,1,38.0,1591374736
3598,38.698299408,-9.440070152,296,container,0,0,1,45.0,1091269692
3599,38.700199127,-9.440309525,297,container,0,0,1,46.0,699725582
3600,38.7018013,-9.439760208,298,container,0,0,1,53.0,5337523405
3601,38.705001831,-9.440299988,299,container,0,0,1,58.0,699725562
3602,38.706199646,-9.441180229,300,container,0,0,1,56.0,1835324823
3603,38.706001282,-9.442830086,301,container,0,0,1,57.0,3775173172
3605,38.704101563,-9.442270279,302,container,0,0,1,60.0,1835324790
3606,38.70880127,-9.440879822,303,container,0,0,1,49.0,8090951031
3607,38.70759964,-9.44054985,304,container,0,0,1,57.0,330438722
3608,38.704101563,-9.439330101,305,container,0,0,1,54.0,330438755
3609,38.702999115,-9.438650131,306,container,0,0,1,51.0,1155654176
3610,38.702301025,-9.438489914,307,container,0,0,1,51.0,2433637949
3611,38.700401306,-9.438139915,308,container,0,0,1,49.0,1155655156
3612,38.701999664,-9.436309814,309,container,0,0,1,51.0,1155655099
3613,38.699901581,-9.43640995,310,container,0,0,1,46.0,1155653909
3614,38.699199677,-9.437680244,311,container,0,0,1,48.0,1091269599
3616,38.708099365,-9.43614006,312,container,0,0,1,45.0,893544145
3617,38.709999084,-9.434280396,313,container,0,0,1,53.0,4692884507
3618,38.711601257,-9.435339928,314,container,0,0,1,54.0,893544300
3619,38.713298798,-9.432640076,315,container,0,0,1,57.0,893034692
3620,38.712100983,-9.430259705,316,container,0,0,1,61.0,1835792372
3621,38.712898254,-9.42593956,317,container,0,0,1,44.0,894685102
3622,38.710601807,-9.425550461,318,container,0,0,1,44.0,412816962
3623,38.710098267,-9.424869537,319,container,0,0,1,55.0,894685476
3624,38.70880127,-9.425100327,320,container,0,0,1,35.0,892584236
3625,38.708000183,-9.422940254,321,container,0,0,1,51.0,2358633924
3626,38.708099365,-9.421469688,322,container,0,0,1,48.0,892584024
3627,38.708698273,-9.422829628,323,container,0,0,1,53.0,4317276711
3628,38.70470047,-9.422389984,324,container,0,0,1,48.0,10951592933
3630,38.707801819,-9.420209885,325,container,0,0,1,48.0,888943167
3631,38.709201813,-9.420920372,326,container,0,0,1,50.0,4317276705
3633,38.71269989,-9.424730301,327,container,0,0,1,66.0,892583962
3634,38.718101501,-9.424280167,328,container,0,0,1,78.0,888437293
3636,38.720298767,-9.43476963,329,container,0,0,1,97.0,893035406
3637,38.733001709,-9.439579964,330,container,0,0,1,92.0,1480163358
3638,38.734600067,-9.454380035,331,container,0,0,1,69.0,2786745803
3639,38.733501434,-9.450090408,332,container,0,0,1,72.0,2786745782
3640,38.730499268,-9.445119858,333,container,0,0,1,90.0,13868277737
3641,38.729801178,-9.446980476,334,container,0,0,1,85.0,1147280995
3642,38.728599548,-9.449299812,335,container,0,0,1,79.0,1147280882
3643,38.727100372,-9.450070381,336,container,0,0,1,67.0,1147280938
3644,38.725200653,-9.444709778,337,container,0,0,1,72.0,10591199107
3645,38.712299347,-9.444410324,338,container,0,0,1,57.0,4315101223
3646,38.717601776,-9.443490028,339,container,0,0,1,64.0,1835792997
3647,38.71490097,-9.447199821,340,container,0,0,1,56.0,2949939806
3648,38.716098785,-9.45263958,341,container,0,0,1,67.0,1155698259
3649,38.720298767,-9.462949753,342,container,0,0,1,64.0,13916563358
3650,38.732398987,-9.467510223,343,container,0,0,1,20.0,601055139
3651,38.721599579,-9.466259956,344,container,0,0,1,58.0,1383335871
3652,38.715099335,-9.463190079,345,container,0,0,1,66.0,1383335658
3653,38.708999634,-9.447230339,346,container,0,0,1,65.0,1835792028
3654,38.711799622,-9.446960449,347,container,0,0,1,50.0,1835792662
3655,38.695800781,-9.441720009,348,container,0,0,1,35.0,9845645116
3656,38.696300507,-9.443039894,349,container,0,0,1,34.0,330434935
3657,38.6977005,-9.444589615,350,container,0,0,1,42.0,1155654547
3658,38.70059967,-9.445010185,351,container,0,0,1,50.0,330434921
3659,38.703201294,-9.445030212,352,container,0,0,1,57.0,330434887
3661,38.707199097,-9.449270248,353,container,0,0,1,58.0,699709123
3663,38.706001282,-9.453519821,354,container,0,0,1,63.0,9159524566
3664,38.707401276,-9.457770348,355,container,0,0,1,64.0,448741517
3666,38.715400696,-9.435230255,356,container,0,0,1,69.0,412816405
3667,38.716701508,-9.432760239,357,container,0,0,1,61.0,2434965187
3668,38.717601776,-9.431790352,358,container,0,0,1,55.0,888437109
3669,38.697498322,-9.423469543,359,container,0,0,1,27.0,1651595425
3670,38.701900482,-9.419839859,360,container,0,0,1,20.0,9845677437
3671,38.710998535,-9.422439575,361,container,0,0,1,57.0,892584148
3673,38.709201813,-9.423740387,362,container,0,0,1,59.0,892584113
3675,38.721401215,-9.465310097,363,container,0,0,1,57.0,1155698700
3676,38.705898285,-9.430950165,364,container,0,0,1,57.0,4610520542
3679,38.698001862,-9.419989586,365,container,0,0,1,7.0,258723354
3683,38.698600769,-9.421489716,366,container,0,0,1,13.0,330353867
3686,38.699798584,-9.418970108,367,container,0,0,1,14.0,309804727
3688,38.719398499,-9.446660042,368,container,0,0,1,64.0,2786745929
3690,38.699798584,-9.418410301,369,container,0,0,1,14.0,309804727
3692,38.700099945,-9.420619965,370,container,0,0,1,11.0,1292125574
3694,38.700000763,-9.421330452,371,container,0,0,1,18.0,1155655151
3696,38.69839859,-9.420180321,372,container,0,0,1,9.0,310632748
3698,38.700401306,-9.41821003,373,container,0,0,1,11.0,309799444
3700,38.697498322,-9.42249012,374,container,0,0,1,20.0,1106416385
3703,38.69549942,-9.421019554,375,container,0,0,1,19.0,1106416971
3705,38.704299927,-9.436450005,376,container,0,0,1,52.0,893543869
3706,38.699401855,-9.438639641,377,container,0,0,1,48.0,1091269534
3707,38.703300476,-9.432559967,378,container,0,0,1,38.0,1439115814
3708,38.706699371,-9.425279617,379,container,0,0,1,45.0,894685011
3709,38.705200195,-9.447270393,380,container,0,0,1,61.0,330434950
3710,38.72700119,-9.44742012,381,container,0,0,1,69.0,1147280953
3711,38.710800171,-9.418199539,382,container,0,0,1,62.0,9159697914
3712,38.715198517,-9.437410355,383,container,0,0,1,67.0,412816394
3713,38.706600189,-9.430330276,384,container,0,0,1,64.0,1106304533
3714,38.698001862,-9.442609787,385,container,0,0,1,43.0,2433637930
3716,38.708999634,-9.416830063,386,container,0,0,1,57.0,1155654382
3717,38.727600098,-9.444660187,387,container,0,0,1,78.0,1147280900
3718,38.702701569,-9.429579735,388,container,0,0,1,48.0,1155714377
3719,38.71269989,-9.439109802,389,container,0,0,1,54.0,1835791856
3720,38.732601166,-9.452320099,390,container,0,0,1,67.0,4129873722
3721,38.715999603,-9.441789627,391,container,0,0,1,64.0,330347565
3723,38.710700989,-9.437479973,392,container,0,0,1,57.0,330438676
3724,38.702400208,-9.421910286,393,container,0,0,1,11.0,892584403
3725,38.697898865,-9.446290016,394,container,0,0,1,39.0,330434878
3726,38.706100464,-9.434909821,395,container,0,0,1,51.0,893544017
3727,38.698200226,-9.448829651,396,container,0,0,1,43.0,1155655896
3728,38.697898865,-9.430930138,397,container,0,0,1,32.0,1591374859
3731,38.706699371,-9.445730209,398,container,0,0,1,60.0,9159524640
3735,38.698898315,-9.420479774,399,container,0,0,1,9.0,1155654795
3737,38.703399658,-9.434490204,400,container,0,0,1,47.0,1934984137
3739,38.710700989,-9.433099747,401,container,0,0,1,47.0,893544251
3740,38.721298218,-9.440190315,402,container,0,0,1,76.0,2474129652
3741,38.701000214,-9.441740036,403,container,0,0,1,45.0,3775173204
3742,38.709899902,-9.441200256,404,container,0,0,1,46.0,330438687
3743,38.711399078,-9.45083046,405,container,0,0,1,59.0,1835791412
3744,38.713500977,-9.451950073,406,container,0,0,1,67.0,1155698836
3745,38.697200775,-9.438909531,407,container,0,0,1,41.0,1591374795
3746,38.71149826,-9.423680305,408,container,0,0,1,66.0,892583952
3747,38.70249939,-9.432390213,409,container,0,0,1,47.0,9157340313
3748,38.71680069,-9.454350471,410,container,0,0,1,69.0,1835793149
3749,38.707000732,-9.440150261,411,container,0,0,1,56.0,8090951026
3750,38.695701599,-9.443440437,412,container,0,0,1,32.0,330434935
3751,38.706001282,-9.444829941,413,container,0,0,1,60.0,330437537
3753,38.713500977,-9.371379852,414,container,0,0,1,62.0,1057864840
3754,38.712398529,-9.372750282,415,container,0,0,1,47.0,5276085761
3755,38.710300446,-9.375849724,416,container,0,0,1,43.0,1057851786
3756,38.71149826,-9.377900124,417,container,0,0,1,44.0,11739975255
3757,38.709499359,-9.374699593,418,container,0,0,1,42.0,1057851848
3758,38.711601257,-9.383489609,419,container,0,0,1,41.0,11052575084
3759,38.714298248,-9.381640434,420,container,0,0,1,64.0,1057654618
3760,38.715999603,-9.382949829,421,container,0,0,1,71.0,1057654668
3761,38.708599091,-9.377160072,422,container,0,0,1,38.0,1057888828
3762,38.707199097,-9.379289627,423,container,0,0,1,34.0,1057851843
3763,38.707199097,-9.375160217,424,container,0,0,1,36.0,1055824539
3764,38.700901031,-9.374910355,425,container,0,0,1,33.0,1937481235
3765,38.699798584,-9.377550125,426,container,0,0,1,34.0,1937481368
3766,38.723300934,-9.409009933,427,container,0,0,1,73.0,892322211
3767,38.722698212,-9.406490326,428,container,0,0,1,73.0,892322255
3768,38.720901489,-9.40721035,429,container,0,0,1,63.0,11088905706
3769,38.719600677,-9.406849861,430,container,0,0,1,59.0,892321480
3770,38.717399597,-9.403790474,431,container,0,0,1,61.0,892322730
3771,38.717998505,-9.40639019,432,container,0,0,1,61.0,11088905771
3773,38.713100433,-9.404789925,433,container,0,0,1,61.0,9156964387
3774,38.713199615,-9.403249741,434,container,0,0,1,79.0,309339000
3775,38.715301514,-9.399740219,435,container,0,0,1,91.0,309339009
3778,38.710399628,-9.404459953,436,container,0,0,1,57.0,309338996
3779,38.71149826,-9.407299995,437,container,0,0,1,68.0,1835271315
3780,38.710601807,-9.407589912,438,container,0,0,1,68.0,1835271365
3781,38.707801819,-9.408220291,439,container,0,0,1,64.0,1155655813
3782,38.708499908,-9.40571022,440,container,0,0,1,55.0,1835271588
3783,38.705699921,-9.406909943,441,container,0,0,1,45.0,309334333
3784,38.704898834,-9.408619881,442,container,0,0,1,37.0,892583379
3786,38.707801819,-9.410369873,443,container,0,0,1,73.0,982807892
3787,38.71049881,-9.409970284,444,container,0,0,1,70.0,10820163222
3788,38.711700439,-9.408679962,445,container,0,0,1,75.0,10820163219
3789,38.707099915,-9.404230118,446,container,0,0,1,44.0,10857144014
3790,38.710700989,-9.399589539,447,container,0,0,1,47.0,309789300
3791,38.714199066,-9.39496994,448,container,0,0,1,71.0,309339017
3792,38.71390152,-9.39729023,449,container,0,0,1,87.0,309794826
3793,38.708301544,-9.395700455,450,container,0,0,1,31.0,309330691
3794,38.705101013,-9.395389557,451,container,0,0,1,21.0,3214288544
3795,38.703800201,-9.396439552,452,container,0,0,1,14.0,309332564
3798,38.709499359,-9.399100304,453,container,0,0,1,42.0,309327872
3800,38.703098297,-9.387729645,454,container,0,0,1,28.0,309810210
3801,38.707199097,-9.3875103,455,container,0,0,1,45.0,13355808963
3802,38.703800201,-9.391329765,456,container,0,0,1,13.0,309809576
3803,38.708698273,-9.393799782,457,container,0,0,1,62.0,309782970
3804,38.708301544,-9.390740395,458,container,0,0,1,55.0,1057584741
3805,38.712799072,-9.390049934,459,container,0,0,1,71.0,1057584754
3806,38.713500977,-9.393230438,460,container,0,0,1,80.0,7836398991
3807,38.709400177,-9.386650085,461,container,0,0,1,66.0,1934497300
3808,38.708000183,-9.386839867,462,container,0,0,1,61.0,13355808967
3809,38.705699921,-9.386719704,463,container,0,0,1,51.0,1934497500
3810,38.705501556,-9.3811903,464,container,0,0,1,29.0,1967071028
3811,38.705799103,-9.381919861,465,container,0,0,1,38.0,1275848081
3812,38.704101563,-9.384119987,466,container,0,0,1,32.0,1509751420
3813,38.706401825,-9.383370399,467,container,0,0,1,48.0,13583317850
3815,38.708198547,-9.383749962,468,container,0,0,1,60.0,5336717144
3816,38.698001862,-9.373900414,469,container,0,0,1,23.0,330341155
3818,38.701000214,-9.383509636,470,container,0,0,1,28.0,1507292268
3819,38.701900482,-9.38383007,471,container,0,0,1,26.0,1506796359
3820,38.701900482,-9.385080338,472,container,0,0,1,27.0,1508531280
3821,38.702598572,-9.379879951,473,container,0,0,1,32.0,1506823457
3824,38.710700989,-9.411680222,474,container,0,0,1,45.0,892323652
3825,38.703899384,-9.389889717,475,container,0,0,1,24.0,309809981
3827,38.702800751,-9.375100136,476,container,0,0,1,42.0,2813094407
3828,38.705799103,-9.376139641,477,container,0,0,1,44.0,1055836761
3829,38.717498779,-9.393989563,478,container,0,0,1,98.0,1057063976
3830,38.711898804,-9.385640144,479,container,0,0,1,54.0,1057654744
3831,38.707901001,-9.412420273,480,container,0,0,1,59.0,1835270930
3832,38.703399658,-9.394889832,481,container,0,0,1,28.0,1604245231
3833,38.711200714,-9.374990463,482,container,0,0,1,45.0,1057859722
3834,38.723400116,-9.399029732,483,container,0,0,1,107.0,258385930
3835,38.710098267,-9.404020309,484,container,0,0,1,58.0,309338996
3836,38.702201843,-9.378450394,485,container,0,0,1,33.0,1275836005
3837,38.709499359,-9.405799866,486,container,0,0,1,59.0,1835270830
3839,38.70880127,-9.400226593,487,container,0,0,1,41.0,309327143
3840,38.715000153,-9.403289795,488,container,0,0,1,102.0,309796476
3842,38.723701477,-9.406040192,489,container,0,0,1,78.0,892322137
3843,38.701000214,-9.385029793,490,container,0,0,1,27.0,330341112
3845,38.704399109,-9.378210068,491,container,0,0,1,39.0,1275836016
3846,38.705101013,-9.378620148,492,container,0,0,1,34.0,1055845121
3847,38.70539856,-9.377929688,493,container,0,0,1,38.0,1506796341
3848,38.705699921,-9.379509926,494,container,0,0,1,31.0,1055845116
3849,38.706699371,-9.384900093,495,container,0,0,1,55.0,1932443747
3850,38.706699371,-9.385709763,496,container,0,0,1,57.0,1932443776
3851,38.705898285,-9.386030197,497,container,0,0,1,53.0,1100706194
3852,38.705501556,-9.385310173,498,container,0,0,1,48.0,1932443743
3853,38.701599121,-9.380029678,499,container,0,0,1,24.0,1506823454
3854,38.700801849,-9.380439758,500,container,0,0,1,27.0,1508531245
3855,38.69960022,-9.381739616,501,container,0,0,1,18.0,1508531156
3856,38.700901031,-9.381540298,502,container,0,0,1,19.0,1508531142
3857,38.699699402,-9.380290031,503,container,0,0,1,25.0,1509729450
3858,38.699100494,-9.381349564,504,container,0,0,1,24.0,330341104
3859,38.700298309,-9.383299828,505,container,0,0,1,23.0,1509608603
3860,38.7018013,-9.381239891,506,container,0,0,1,23.0,1506823454
3861,38.701400757,-9.379380226,507,container,0,0,1,32.0,1506823473
3862,38.716899872,-9.380209923,508,container,0,0,1,73.0,7043230648
3866,38.706699371,-9.388469696,509,container,0,0,1,24.0,1100694199
3867,38.709499359,-9.410349846,510,container,0,0,1,60.0,892583424
3868,38.705799103,-9.390449524,511,container,0,0,1,14.0,309809685
3869,38.702800751,-9.384730339,512,container,0,0,1,29.0,1508464455
3870,38.706001282,-9.398610115,513,container,0,0,1,24.0,309332513
3871,38.705001831,-9.398960114,514,container,0,0,1,20.0,309332513
3876,38.706298828,-9.391119957,515,container,0,0,1,26.0,5496415797
3877,38.703899384,-9.40680027,516,container,0,0,1,27.0,1168673788
3878,38.715900421,-9.381710052,517,container,0,0,1,74.0,7043230659
3879,38.707099915,-9.373100281,518,container,0,0,1,34.0,1055831466
3880,38.709300995,-9.392210007,519,container,0,0,1,50.0,5278567904
3882,38.703899384,-9.385749817,520,container,0,0,1,31.0,1932443766
3883,38.711101532,-9.392990112,521,container,0,0,1,63.0,309809700
3885,38.698299408,-9.375760078,522,container,0,0,1,27.0,330341157
3886,38.697200775,-9.376170158,523,container,0,0,1,25.0,330338749
3887,38.696201324,-9.3729496,524,container,0,0,1,24.0,203863364
3888,38.697498322,-9.372059822,525,container,0,0,1,27.0,149658649
3889,38.697498322,-9.370329857,526,container,0,0,1,34.0,1055751702
3890,38.697898865,-9.369389534,527,container,0,0,1,41.0,1055751698
3891,38.703800201,-9.368120193,528,container,0,0,1,34.0,1155685391
3892,38.70059967,-9.371350288,529,container,0,0,1,29.0,1055812940
3893,38.698699951,-9.372850418,530,container,0,0,1,24.0,1109876607
3895,38.700099945,-9.361860275,531,container,0,0,1,79.0,1076964074
3896,38.702899933,-9.362179756,532,container,0,0,1,70.0,1060505860
3897,38.702800751,-9.360280037,533,container,0,0,1,74.0,1060510487
3898,38.702201843,-9.358610153,534,container,0,0,1,74.0,1060510433
3899,38.697898865,-9.358869553,535,container,0,0,1,77.0,306008578
3900,38.697101593,-9.357210159,536,container,0,0,1,74.0,414997717
3901,38.69260025,-9.356240273,537,container,0,0,1,58.0,305862325
3903,38.693099976,-9.360890388,538,container,0,0,1,28.0,5329074548
3904,38.691699982,-9.361450195,539,container,0,0,1,25.0,5329074579
3905,38.692798615,-9.365269661,540,container,0,0,1,23.0,1055685969
3906,38.694801331,-9.363249779,541,container,0,0,1,30.0,5329074570
3907,38.696899414,-9.362130165,542,container,0,0,1,58.0,11672715473
3909,38.689899445,-9.354260445,543,container,0,0,1,29.0,2261993930
3911,38.687599182,-9.352470398,544,container,0,0,1,23.0,305835056
3912,38.689800262,-9.35708046,545,container,0,0,1,24.0,305834914
3913,38.689098358,-9.36013031,546,container,0,0,1,22.0,305834937
3914,38.685600281,-9.351599693,547,container,0,0,1,17.0,305835136
3916,38.691001892,-9.358480453,548,container,0,0,1,27.0,2059628419
3917,38.691398621,-9.359109879,549,container,0,0,1,27.0,305862278
3919,38.685699463,-9.350370407,550,container,0,0,1,21.0,305835081
3920,38.692100525,-9.347379684,551,container,0,0,1,42.0,2231749767
3921,38.691501617,-9.350500107,552,container,0,0,1,34.0,5292081195
3925,38.694099426,-9.360219955,553,container,0,0,1,32.0,5659954361
3927,38.692699432,-9.350379944,554,container,0,0,1,38.0,5291891914
3928,38.695098877,-9.353919983,555,container,0,0,1,58.0,4863778367
3929,38.690498352,-9.356149673,556,container,0,0,1,28.0,305862472
3931,38.689498901,-9.355420113,557,container,0,0,1,27.0,305834910
3933,38.691101074,-9.355190277,558,container,0,0,1,33.0,305868332
3935,38.70349884,-9.362449646,559,container,0,0,1,71.0,1060505903
3936,38.704498291,-9.362569809,560,container,0,0,1,52.0,1060505887
3938,38.697498322,-9.362850189,561,container,0,0,1,69.0,1155685159
3939,38.696998596,-9.363329887,562,container,0,0,1,48.0,1055721912
3940,38.696201324,-9.363840103,563,container,0,0,1,39.0,1055721888
3941,38.695899963,-9.363240242,564,container,0,0,1,44.0,1055721898
3942,38.694499969,-9.364879608,565,container,0,0,1,33.0,1055671763
3943,38.694198608,-9.365679741,566,container,0,0,1,32.0,1055707307
3944,38.695800781,-9.365010262,567,container,0,0,1,30.0,9156787085
3945,38.697200775,-9.36493969,568,container,0,0,1,36.0,1911713211
3946,38.697399139,-9.366140366,569,container,0,0,1,33.0,1055732031
3947,38.697799683,-9.367360115,570,container,0,0,1,35.0,1055751680
3948,38.696498871,-9.368450165,571,container,0,0,1,29.0,9156787027
3949,38.695899963,-9.368530273,572,container,0,0,1,29.0,9156787037
3950,38.695899963,-9.367139816,573,container,0,0,1,29.0,9156784098
3951,38.695800781,-9.350250244,574,container,0,0,1,57.0,305868351
3952,38.694499969,-9.357469559,575,container,0,0,1,64.0,305868323
3953,38.689300537,-9.354780197,576,container,0,0,1,29.0,305862466
3955,38.70539856,-9.367380142,577,container,0,0,1,33.0,1055824269
3964,38.700801849,-9.367469788,578,container,0,0,1,57.0,1155685349
3992,38.699100494,-9.357000351,579,container,0,0,1,77.0,1155685301
4052,38.69329834,-9.362660408,580,container,0,0,1,27.0,305862416
4148,38.690498352,-9.352950096,581,container,0,0,1,34.0,327522380
4155,38.693000793,-9.358550072,582,container,0,0,1,35.0,5182589538
4227,38.700099945,-9.359589577,583,container,0,0,1,78.0,5659204726
4228,38.688400269,-9.343569756,584,container,0,0,1,30.0,3194412110
4229,38.693000793,-9.353340149,585,container,0,0,1,53.0,305868193
4230,38.69260025,-9.35863018,586,container,0,0,1,35.0,10830325981
4231,38.686599731,-9.356780052,587,container,0,0,1,10.0,305834959
4233,38.695098877,-9.358539581,588,container,0,0,1,65.0,305868313
4235,38.698001862,-9.364520073,589,container,0,0,1,47.0,1155684944
4236,38.706100464,-9.323490143,590,container,0,0,1,58.0,427065077
4237,38.703899384,-9.33880043,591,container,0,0,1,81.0,4847906006
4238,38.702701569,-9.34070015,592,container,0,0,1,73.0,292328773
4241,38.736801147,-9.341489792,593,container,0,0,1,115.0,3256761736
4242,38.735801697,-9.339710236,594,container,0,0,1,111.0,3256761729
4243,38.736999512,-9.340169907,595,container,0,0,1,114.0,3256761758
4244,38.729198456,-9.343379974,596,container,0,0,1,108.0,13583317823
4245,38.727100372,-9.341320038,597,container,0,0,1,106.0,3379858315
4246,38.723800659,-9.343560219,598,container,0,0,1,104.0,3379852478
4247,38.723300934,-9.342329979,599,container,0,0,1,105.0,10896486928
4248,38.72190094,-9.343460083,600,container,0,0,1,102.0,6390237202
4250,38.720500946,-9.346839905,601,container,0,0,1,90.0,3379814877
4251,38.718017578,-9.341875076,602,container,0,0,1,97.0,412815371
4253,38.715301514,-9.342350006,603,container,0,0,1,91.0,1665282492
4254,38.709098816,-9.334730148,604,container,0,0,1,86.0,2598505941
4255,38.713699341,-9.337200165,605,container,0,0,1,91.0,1617818578
4256,38.716499329,-9.338020325,606,container,0,0,1,91.0,1623899206
4257,38.712200165,-9.332810402,607,container,0,0,1,81.0,1617818751
4258,38.709400177,-9.324529648,608,container,0,0,1,79.0,1616118413
4259,38.715000153,-9.325460434,609,container,0,0,1,103.0,908220940
4260,38.713699341,-9.323309898,610,container,0,0,1,87.0,2919253076
4261,38.715099335,-9.323730469,611,container,0,0,1,93.0,908235569
4262,38.716499329,-9.323889732,612,container,0,0,1,101.0,1641180232
4263,38.717498779,-9.324250221,613,container,0,0,1,95.0,908228910
4264,38.718101501,-9.323630333,614,container,0,0,1,101.0,1641180387
4265,38.717098236,-9.325480461,615,container,0,0,1,104.0,1641180282
4266,38.716899872,-9.326230049,616,container,0,0,1,100.0,908224239
4267,38.717300415,-9.32861042,617,container,0,0,1,107.0,908224283
4268,38.715900421,-9.326990128,618,container,0,0,1,107.0,908225507
4270,38.718200684,-9.334449768,619,container,0,0,1,98.0,1617836081
4271,38.715999603,-9.33178997,620,container,0,0,1,107.0,1616132210
4274,38.717399597,-9.330780029,621,container,0,0,1,123.0,675344528
4275,38.717300415,-9.330860138,622,container,0,0,1,122.0,675344528
4276,38.718601227,-9.331219673,623,container,0,0,1,112.0,920474336
4277,38.719100952,-9.331689835,624,container,0,0,1,109.0,674934033
4278,38.719600677,-9.329979897,625,container,0,0,1,102.0,675344508
4279,38.723800659,-9.333060265,626,container,0,0,1,104.0,1641116907
4281,38.72359848,-9.327090263,627,container,0,0,1,100.0,1641180055
4282,38.724601746,-9.322170258,628,container,0,0,1,86.0,1570379355
4283,38.72480011,-9.320469856,629,container,0,0,1,91.0,2071360158
4284,38.727401733,-9.326169968,630,container,0,0,1,102.0,1961189636
4285,38.728401184,-9.32419014,631,container,0,0,1,102.0,623700714
4286,38.728599548,-9.321640015,632,container,0,0,1,100.0,623700570
4287,38.739601135,-9.313899994,633,container,0,0,1,112.0,1956489926
4288,38.739398956,-9.31303978,634,container,0,0,1,119.0,1956489905
4289,38.739898682,-9.311490059,635,container,0,0,1,122.0,10877437458
4290,38.738098145,-9.312150002,636,container,0,0,1,110.0,2049624258
4291,38.737201691,-9.313079834,637,container,0,0,1,113.0,2049619877
4292,38.734100342,-9.314370155,638,container,0,0,1,101.0,2049620507
4293,38.738498688,-9.313469887,639,container,0,0,1,109.0,10893147444
4294,38.730499268,-9.325400352,640,container,0,0,1,105.0,623673080
4295,38.731700897,-9.332570076,641,container,0,0,1,119.0,623673103
4296,38.729099274,-9.331870079,642,container,0,0,1,108.0,623672787
4297,38.727798462,-9.328269958,643,container,0,0,1,103.0,1651533400
4298,38.72600174,-9.327719688,644,container,0,0,1,103.0,1961189685
4299,38.726501465,-9.330679893,645,container,0,0,1,106.0,1651533377
4300,38.725601196,-9.333939552,646,container,0,0,1,102.0,469972794
4301,38.725601196,-9.336170197,647,container,0,0,1,98.0,10288980412
4302,38.734901428,-9.33716011,648,container,0,0,1,114.0,2641021364
4303,38.736099243,-9.337140083,649,container,0,0,1,114.0,2641021484
4304,38.737400055,-9.338399887,650,container,0,0,1,115.0,2641021418
4305,38.737701416,-9.342459679,651,container,0,0,1,115.0,3256761221
4306,38.745998383,-9.336440086,652,container,0,0,1,127.0,469973406
4307,38.729598999,-9.363630295,653,container,0,0,1,91.0,2658709179
4308,38.727798462,-9.361280441,654,container,0,0,1,91.0,2658712724
4309,38.72869873,-9.355330467,655,container,0,0,1,98.0,2641011967
4310,38.72869873,-9.353610039,656,container,0,0,1,103.0,2641010804
4311,38.724998474,-9.352749825,657,container,0,0,1,102.0,412816363
4312,38.720298767,-9.352219582,658,container,0,0,1,93.0,1957123355
4313,38.720901489,-9.351610184,659,container,0,0,1,96.0,10941164899
4314,38.721801758,-9.350910187,660,container,0,0,1,98.0,10941164904
4315,38.72069931,-9.350660324,661,container,0,0,1,92.0,10941164899
4316,38.71680069,-9.348500252,662,container,0,0,1,83.0,5419257033
4317,38.715099335,-9.348899841,663,container,0,0,1,80.0,8458631857
4318,38.716499329,-9.34951973,664,container,0,0,1,81.0,1957123246
4320,38.71269989,-9.348360062,665,container,0,0,1,74.0,1957123332
4322,38.713699341,-9.354370117,666,container,0,0,1,89.0,3950368154
4323,38.717700958,-9.358659744,667,container,0,0,1,85.0,1055966880
4324,38.715000153,-9.362170219,668,container,0,0,1,75.0,1055955684
4325,38.713600159,-9.36357975,669,container,0,0,1,76.0,4282011004
4326,38.712398529,-9.362139702,670,container,0,0,1,71.0,1060194053
4327,38.711200714,-9.362099648,671,container,0,0,1,71.0,1060194047
4328,38.712398529,-9.363659859,672,container,0,0,1,62.0,1060188873
4329,38.711101532,-9.364769936,673,container,0,0,1,60.0,9843014147
4330,38.706199646,-9.362050056,674,container,0,0,1,63.0,1056986973
4331,38.705501556,-9.365920067,675,container,0,0,1,35.0,1056987251
4332,38.705299377,-9.363800049,676,container,0,0,1,45.0,1060505913
4333,38.704498291,-9.358739853,677,container,0,0,1,75.0,1060445361
4334,38.70690155,-9.350839615,678,container,0,0,1,98.0,1060263885
4338,38.70980072,-9.353560448,679,container,0,0,1,88.0,1060247214
4339,38.705001831,-9.355389595,680,container,0,0,1,77.0,414997726
4340,38.705799103,-9.356369972,681,container,0,0,1,77.0,1060445373
4341,38.701900482,-9.355110168,682,container,0,0,1,70.0,414997720
4344,38.699001312,-9.351650238,683,container,0,0,1,73.0,872501922
4345,38.702201843,-9.354129791,684,container,0,0,1,72.0,414260827
4346,38.703800201,-9.354539871,685,container,0,0,1,76.0,1060518233
4347,38.70349884,-9.353369713,686,container,0,0,1,85.0,5295860458
4348,38.70349884,-9.350009918,687,container,0,0,1,87.0,1060395758
4349,38.704399109,-9.352919579,688,container,0,0,1,97.0,1060357356
4350,38.70470047,-9.353859901,689,container,0,0,1,90.0,1060408586
4351,38.705600739,-9.353280067,690,container,0,0,1,91.0,1060408617
4352,38.706001282,-9.34607029,691,container,0,0,1,77.0,1060312101
4355,38.701499939,-9.34885025,692,container,0,0,1,72.0,1060395737
4356,38.700199127,-9.344180107,693,container,0,0,1,64.0,1155685346
4357,38.694000244,-9.351989746,694,container,0,0,1,48.0,305868210
4359,38.69549942,-9.346150398,695,container,0,0,1,58.0,1155685036
4360,38.695301056,-9.347430229,696,container,0,0,1,57.0,1155685149
4361,38.694198608,-9.34679985,697,container,0,0,1,54.0,364152364
4362,38.692901611,-9.346940041,698,container,0,0,1,51.0,1897925962
4363,38.697299957,-9.346039772,699,container,0,0,1,56.0,872501861
4364,38.696201324,-9.342749596,700,container,0,0,1,41.0,1155685132
4365,38.699699402,-9.348759651,701,container,0,0,1,79.0,414260815
4366,38.702999115,-9.345870018,702,container,0,0,1,71.0,1060390694
4367,38.704498291,-9.345129967,703,container,0,0,1,69.0,10283958140
4368,38.703601837,-9.342610359,704,container,0,0,1,62.0,1903335867
4369,38.707199097,-9.343279839,705,container,0,0,1,72.0,1903335840
4370,38.70980072,-9.345020294,706,container,0,0,1,78.0,878831140
4371,38.709098816,-9.34333992,707,container,0,0,1,89.0,878831157
4372,38.709201813,-9.339980125,708,container,0,0,1,83.0,412815317
4373,38.71049881,-9.341830254,709,container,0,0,1,88.0,412815309
4374,38.711399078,-9.339280128,710,container,0,0,1,87.0,412815334
4375,38.707698822,-9.347789764,711,container,0,0,1,74.0,1060273104
4377,38.71149826,-9.346209526,712,container,0,0,1,88.0,3379761522
4378,38.719100952,-9.345899582,713,container,0,0,1,89.0,1677696621
4379,38.701400757,-9.35544014,714,container,0,0,1,69.0,414997751
4380,38.697101593,-9.354390144,715,container,0,0,1,60.0,306008388
4381,38.701301575,-9.357250214,716,container,0,0,1,72.0,414997761
4382,38.713100433,-9.322199821,717,container,0,0,1,86.0,1195551213
4383,38.705101013,-9.349450111,718,container,0,0,1,97.0,1060357387
4388,38.714401245,-9.323399544,719,container,0,0,1,93.0,908235589
4389,38.709098816,-9.362070084,720,container,0,0,1,62.0,1056987148
4390,38.699798584,-9.35394001,721,container,0,0,1,69.0,2352631795
4391,38.716499329,-9.343729973,722,container,0,0,1,86.0,412815365
4392,38.700698853,-9.341859818,723,container,0,0,1,66.0,1957173233
4393,38.716899872,-9.345879555,724,container,0,0,1,89.0,1677696421
4394,38.705200195,-9.359539986,725,container,0,0,1,73.0,1060453059
4395,38.748100281,-9.333620071,726,container,0,0,1,137.0,540473562
4396,38.730499268,-9.328269958,727,container,0,0,1,114.0,623673279
4397,38.729598999,-9.340760231,728,container,0,0,1,104.0,2640826986
4398,38.71269989,-9.344389915,729,container,0,0,1,77.0,3379759055
4399,38.711799622,-9.355859756,730,container,0,0,1,89.0,1060229543
4400,38.705200195,-9.324199677,731,container,0,0,1,73.0,327601375
4401,38.700298309,-9.346159935,732,container,0,0,1,67.0,1155685093
4402,38.69960022,-9.341070175,733,container,0,0,1,60.0,413159087
4404,38.706501007,-9.346389771,734,container,0,0,1,77.0,3775103662
4405,38.711299896,-9.36468029,735,container,0,0,1,60.0,1055929371
4406,38.711299896,-9.336549759,736,container,0,0,1,87.0,1617818613
4407,38.705799103,-9.355039597,737,container,0,0,1,77.0,1060424672
4408,38.704498291,-9.360150337,738,container,0,0,1,67.0,11037932302
4409,38.732398987,-9.364970207,739,container,0,0,1,92.0,984551955
4410,38.700698853,-9.350790024,740,container,0,0,1,85.0,12054360117
4411,38.726699829,-9.320420265,741,container,0,0,1,93.0,2071358989
4412,38.710201263,-9.329000473,742,container,0,0,1,91.0,1195551302
4413,38.709300995,-9.327409744,743,container,0,0,1,80.0,1195551307
4414,38.71049881,-9.328209877,744,container,0,0,1,86.0,726915918
4415,38.710601807,-9.325929642,745,container,0,0,1,84.0,1616118432
4417,38.711898804,-9.325329781,746,container,0,0,1,92.0,726915904
4418,38.712600708,-9.326620102,747,container,0,0,1,91.0,1195551240
4419,38.711898804,-9.327589989,748,container,0,0,1,92.0,1195551180
4420,38.715301514,-9.3291502,749,container,0,0,1,111.0,1617835993
4421,38.713401794,-9.330149651,750,container,0,0,1,95.0,1615188868
4422,38.713199615,-9.331089973,751,container,0,0,1,90.0,1615052954
4423,38.712501526,-9.330639839,752,container,0,0,1,94.0,1616139013
4424,38.711799622,-9.329959869,753,container,0,0,1,95.0,1615148745
4425,38.71390152,-9.335929871,754,container,0,0,1,87.0,1617818499
4426,38.713230133,-9.335828781,755,container,0,0,1,90.0,1617818743
4427,38.708583832,-9.355986595,756,container,0,0,1,96.0,1060424683
4428,38.707401276,-9.356209755,757,container,0,0,1,91.0,414997749
4429,38.707500458,-9.35503006,758,container,0,0,1,97.0,1060424675
4430,38.712398529,-9.335599899,759,container,0,0,1,88.0,412799429
4431,38.718799591,-9.350660324,760,container,0,0,1,89.0,1957123516
4432,38.73400116,-9.343440056,761,container,0,0,1,115.0,469973003
4433,38.719299316,-9.340359688,762,container,0,0,1,99.0,9644813832
4434,38.721298218,-9.348059654,763,container,0,0,1,91.0,2100374155
4435,38.701599121,-9.338829994,764,container,0,0,1,66.0,1956757508
4436,38.731700897,-9.322469711,765,container,0,0,1,96.0,623673608
4438,38.697101593,-9.349470139,766,container,0,0,1,70.0,1069083423
4439,38.697399139,-9.350219727,767,container,0,0,1,69.0,1069083428
4440,38.697898865,-9.351380348,768,container,0,0,1,70.0,305868350
4441,38.697101593,-9.352089882,769,container,0,0,1,66.0,1069083468
4442,38.695800781,-9.353309631,770,container,0,0,1,60.0,305868179
4443,38.694400787,-9.35076046,771,container,0,0,1,52.0,306008255
4444,38.693500519,-9.349989891,772,container,0,0,1,44.0,305868357
4445,38.693698883,-9.348620415,773,container,0,0,1,45.0,306008207
4446,38.695201874,-9.348230362,774,container,0,0,1,60.0,1155685315
4448,38.695800781,-9.349309921,775,container,0,0,1,59.0,1069100597
4739,38.716400146,-9.363490105,776,container,0,0,1,67.0,3950368011
5126,38.726699829,-9.329540253,777,container,0,0,1,105.0,1961189765
5287,38.709598541,-9.358240128,778,container,0,0,1,101.0,414997795
5320,38.720600128,-9.348879814,779,container,0,0,1,89.0,2100374090
5384,38.702301025,-9.335940361,780,container,0,0,1,75.0,1956761545
5386,38.715999603,-9.350410461,781,container,0,0,1,82.0,3379811269
5389,38.703800201,-9.351539612,782,container,0,0,1,87.0,5659403941
5390,38.718601227,-9.342209816,783,container,0,0,1,98.0,8635160811
5391,38.741798401,-9.337059975,784,container,0,0,1,120.0,3256825722
5392,38.707401276,-9.341910362,785,container,0,0,1,75.0,1903335827
6169,38.716300964,-9.383330345,786,container,0,0,1,71.0,1057654677
6352,38.714801788,-9.405360222,787,container,0,0,1,52.0,309796476
6354,38.708900452,-9.35089016,788,container,0,0,1,90.0,1060273197
6365,38.703998566,-9.429459572,789,container,0,0,1,53.0,4612208342
6366,38.71849823,-9.402440071,790,container,0,0,1,64.0,892321648
6369,38.737800598,-9.395620346,791,container,0,0,1,126.0,1162552442
6370,38.727401733,-9.446660042,792,container,0,0,1,70.0,1147280931
6371,38.716598511,-9.437190056,793,container,0,0,1,73.0,1835793009
6376,38.72480011,-9.330579758,794,container,0,0,1,107.0,1641180378
6378,38.713199615,-9.340600014,795,container,0,0,1,92.0,1665282557
6379,38.686901093,-9.325400352,796,container,0,0,1,29.0,1590024581
6384,38.706100464,-9.40501976,797,container,0,0,1,44.0,310159145
6385,38.70690155,-9.406760216,798,container,0,0,1,65.0,1155655653
6388,38.68806839,-9.333986282,799,container,0,0,1,24.0,327599018
6389,38.724601746,-9.331939697,800,container,0,0,1,104.0,3256825588
6390,38.71559906,-9.343919754,801,container,0,0,1,83.0,1665282602
6393,38.716598511,-9.461569786,802,container,0,0,1,66.0,1383335658
6395,38.701301575,-9.374509811,803,container,0,0,1,33.0,2813094424
6396,38.710998535,-9.451939583,804,container,0,0,1,64.0,7012356183
6397,38.694499969,-9.424420357,805,container,0,0,1,14.0,13183877369
6399,38.694198608,-9.347240448,806,container,0,0,1,54.0,364152364
6400,38.695800781,-9.346699715,807,container,0,0,1,57.0,1957123202
6401,38.696998596,-9.348600388,808,container,0,0,1,71.0,1069083454
6406,38.700698853,-9.418910027,809,container,0,0,1,13.0,1482490905
6408,38.730800629,-9.437029839,810,container,0,0,1,105.0,1480163036
6411,38.740200043,-9.313289642,811,container,0,0,1,121.0,1956490020
6413,38.733501434,-9.324440002,812,container,0,0,1,111.0,3256761707
6414,38.73690033,-9.310819626,813,container,0,0,1,100.0,13468791765
6418,38.737300873,-9.311519623,814,container,0,0,1,105.0,2569070847
6419,38.725498199,-9.423270226,815,container,0,0,1,101.0,902774309
6420,38.706859589,-9.321247101,816,container,0,0,1,56.0,10284011751
6421,38.700099945,-9.349570274,817,container,0,0,1,79.0,1060399632
6426,38.688800812,-9.342029572,818,container,0,0,1,24.0,3194412105
6431,38.704399109,-9.327989578,819,container,0,0,1,71.0,6877744627
6432,38.70539856,-9.328000069,820,container,0,0,1,75.0,6877744629
6441,38.696998596,-9.329990387,821,container,0,0,1,38.0,2304345459
6444,38.752239227,-9.456148148,822,container,0,0,1,172.0,2290965658
6445,38.730365753,-9.371767998,823,container,0,0,1,83.0,2991710159
6447,38.703098297,-9.325969696,824,container,0,0,1,65.0,1450527675
6448,38.703098297,-9.325090408,825,container,0,0,1,67.0,1450527714
6449,38.704498291,-9.421110153,826,container,0,0,1,52.0,892584394
6450,38.715000153,-9.446100235,827,container,0,0,1,62.0,601055049
6451,38.699180603,-9.442849159,828,container,0,0,1,45.0,1155654502
6453,38.709400177,-9.373620033,829,container,0,0,1,40.0,1944466935
6455,38.685600281,-9.328209877,830,container,0,0,1,26.0,1785425627
6456,38.717498779,-9.340780258,831,container,0,0,1,96.0,1677696456
6459,38.70759964,-9.352000237,832,container,0,0,1,95.0,1060259843
6460,38.708000183,-9.351630211,833,container,0,0,1,95.0,1060259843
6461,38.708900452,-9.351880074,834,container,0,0,1,91.0,1060252530
6462,38.709598541,-9.351810455,835,container,0,0,1,85.0,1060263870
6463,38.707401276,-9.350410461,836,container,0,0,1,99.0,1060257265
6466,38.694801331,-9.349450111,837,container,0,0,1,51.0,1155685017
6481,38.687198639,-9.327580452,838,container,0,0,1,29.0,1590024979
6488,38.723922729,-9.447699547,839,container,0,0,1,65.0,10591199177
6494,38.688796997,-9.359172821,840,container,0,0,1,21.0,305834954
6496,38.725849152,-9.332796097,841,container,0,0,1,104.0,623673819
6498,38.734714508,-9.394741058,842,container,0,0,1,131.0,5355207326
6501,38.687721252,-9.342684746,843,container,0,0,1,27.0,11745909998
6507,38.740291595,-9.356855392,844,container,0,0,1,122.0,3379858347
6508,38.691299438,-9.34899044,845,container,0,0,1,35.0,305868230
6509,38.704231262,-9.345474243,846,container,0,0,1,69.0,292328725
6514,38.70539856,-9.386819839,847,container,0,0,1,51.0,1934497500
6515,38.729175568,-9.452020645,848,container,0,0,1,84.0,1147280779
6516,38.710899353,-9.414979935,849,container,0,0,1,68.0,892323975
6518,38.729000092,-9.441740036,850,container,0,0,1,84.0,1480162908
6519,38.712799072,-9.414719582,851,container,0,0,1,69.0,9159697963
6520,38.70274353,-9.443822861,852,container,0,0,1,55.0,5127072700
6521,38.722801208,-9.345690727,853,container,0,0,1,102.0,2100374219
6527,38.702400208,-9.337030411,854,container,0,0,1,81.0,1956761526
6529,38.696846008,-9.43546772,855,container,0,0,1,42.0,330353828
6530,38.697299957,-9.435790062,856,container,0,0,1,42.0,1591374884
6531,38.697517395,-9.429498672,857,container,0,0,1,24.0,12032301705
6533,38.704601288,-9.387339592,858,container,0,0,1,42.0,5276667664
6535,38.702365875,-9.448616982,859,container,0,0,1,58.0,330434942
6539,38.71944046,-9.33415699,860,container,0,0,1,100.0,1623899100
6541,38.738052368,-9.402612686,861,container,0,0,1,131.0,671835087
6542,38.711235046,-9.413372993,862,container,0,0,1,63.0,1835249447
6543,38.712539673,-9.413724899,863,container,0,0,1,61.0,892324047
6544,38.712177277,-9.414198875,864,container,0,0,1,68.0,4518732534
6545,38.725437164,-9.451052666,865,container,0,0,1,70.0,1147280924
6550,38.709709167,-9.449337006,866,container,0,0,1,62.0,699725541
6556,38.712001801,-9.415960312,867,container,0,0,1,73.0,2574545712
6557,38.73400116,-9.417269707,868,container,0,0,1,108.0,4322394110
6559,38.755901337,-9.447030067,869,container,0,0,1,186.0,1588648291
6560,38.705329895,-9.354505539,870,container,0,0,1,78.0,1060408581
6563,38.689800262,-9.34510994,871,container,0,0,1,34.0,1155684979
6567,38.704498291,-9.435990334,872,container,0,0,1,52.0,4692608961
6572,38.738899231,-9.348779678,873,container,0,0,1,113.0,3379858333
6573,38.698699951,-9.426059723,874,container,0,0,1,33.0,664018339
6592,38.753299713,-9.441430092,875,container,0,0,1,169.0,1588647212
6595,38.719898224,-9.345729828,876,container,0,0,1,92.0,3379814888
10684,38.7409149,-9.4510734,877,container,0,0,1,80.0,3584410070
10698,38.7190326,-9.4440744,878,container,0,0,1,67.0,1835792741
